{"global_step": 173154, "_timestamp": 1725893214.3386567, "charts/eval_success_rate": 0.0, "charts/eval_episodic_return": 5.032766342163086, "charts/eval_episodic_length": 50.0, "_runtime": 2938.2221026420593, "_step": 1860, "charts/success_rate": 0.0, "charts/episodic_return": 5.414196491241455, "charts/episodic_length": 50.0, "losses/qf1_values": 0.6743537783622742, "losses/qf2_values": 0.6734538078308105, "losses/qf1_loss": 0.0069061946123838425, "losses/qf2_loss": 0.007046348415315151, "losses/qf_loss": 0.006976271513849497, "losses/actor_loss": -0.6719733476638794, "losses/alpha": 0.0002605208719614893, "charts/update_time": 8.536784172058105, "charts/rollout_time": 9.31386661529541, "charts/rollout_fps": 109.94359588623047, "losses/alpha_loss": 0.000349581241607666}