{"_wandb": {"runtime": 36}, "global_step": 0, "_timestamp": 1725529469.1359875, "charts/eval_success_rate": 0.0, "charts/eval_episodic_return": 5.297534942626953, "charts/eval_episodic_length": 50.0, "_runtime": 7.0051915645599365, "_step": 0}