{"_wandb": {"runtime": 3}, "global_step": 0, "_timestamp": 1725538957.501374, "_runtime": 1.8202691078186035, "_step": 0}