{"global_step": 0, "_timestamp": 1725355473.2684324, "charts/eval_success_rate": 0.0, "charts/eval_episodic_return": 4.920073509216309, "charts/eval_episodic_length": 50.0, "_runtime": 7.277243375778198, "_step": 0}