{"global_step": 113538, "_timestamp": 1725881335.7691767, "charts/eval_success_rate": 0.0, "charts/eval_episodic_return": 1.4650288820266724, "charts/eval_episodic_length": 50.0, "_runtime": 5748.9391396045685, "_step": 1215, "charts/success_rate": 0.0, "charts/episodic_return": 3.153498649597168, "charts/episodic_length": 50.0, "losses/qf1_values": 0.3559759855270386, "losses/qf2_values": 0.35679957270622253, "losses/qf1_loss": 0.00023034866899251938, "losses/qf2_loss": 0.0005222901236265898, "losses/qf_loss": 0.0003763193963095546, "losses/actor_loss": -94.9315414428711, "losses/representation_loss": -94.57886505126953, "losses/inter_modality_loss": -10.52900505065918, "losses/intra_modality_loss": -10.468276977539062, "losses/alpha": 6.5770058427006e-05, "charts/update_time": 45.042476654052734, "charts/rollout_time": 8.854780197143555, "charts/rollout_fps": 115.64375305175781, "losses/alpha_loss": -2.7887879696208984e-05}