{"_wandb": {"runtime": 4}, "global_step": 0, "_timestamp": 1725356324.3440986, "_runtime": 1.772944450378418, "_step": 0}