{"global_step": 59266, "_timestamp": 1725901856.769964, "charts/eval_success_rate": 0.0, "charts/eval_episodic_return": 1.657684087753296, "charts/eval_episodic_length": 50.0, "_runtime": 3318.746943950653, "_step": 636, "charts/success_rate": 0.0, "charts/episodic_return": 5.164191246032715, "charts/episodic_length": 50.0, "losses/qf1_values": -256.80389404296875, "losses/qf2_values": -182.41709899902344, "losses/qf1_loss": 17355134976.0, "losses/qf2_loss": 17335881728.0, "losses/qf_loss": 17345507328.0, "losses/actor_loss": -174046.671875, "losses/representation_loss": 0.03411269560456276, "losses/loss_1_loss": 0.006940360646694899, "losses/add1_loss": 0.020213555544614792, "losses/add2_loss": 0.00018417250248603523, "losses/p_loss": 0.006940360646694899, "losses/alpha": 29624.5625, "charts/update_time": 43.15766143798828, "charts/rollout_time": 18.433202743530273, "charts/rollout_fps": 55.55192947387695, "losses/alpha_loss": 393225.09375}