{"global_step": 38786, "_timestamp": 1725979842.31855, "charts/eval_success_rate": 0.0, "charts/eval_episodic_return": 5.5567450523376465, "charts/eval_episodic_length": 50.0, "_runtime": 4554.169359207153, "_step": 412, "charts/success_rate": 0.0, "charts/episodic_return": 9.768775939941406, "charts/episodic_length": 50.0, "losses/qf1_values": 1.1257543563842773, "losses/qf2_values": 1.120330572128296, "losses/qf1_loss": 0.0029780834447592497, "losses/qf2_loss": 0.003262648591771722, "losses/qf_loss": 0.0031203660182654858, "losses/actor_loss": -86.4399185180664, "losses/representation_loss": -85.21906280517578, "losses/inter_modality_loss": -9.430746078491211, "losses/intra_modality_loss": -9.54486083984375, "losses/alpha": 0.020206021144986153, "charts/update_time": 124.17325592041016, "charts/rollout_time": 9.968753814697266, "charts/rollout_fps": 102.72096252441406, "losses/alpha_loss": 0.2497527301311493}