{"global_step": 40834, "_timestamp": 1725980117.427663, "charts/eval_success_rate": 0.0, "charts/eval_episodic_return": 5.5567450523376465, "charts/eval_episodic_length": 50.0, "_runtime": 4829.278472185135, "_step": 434, "charts/success_rate": 0.0, "charts/episodic_return": 9.807182312011719, "charts/episodic_length": 50.0, "losses/qf1_values": 1.0879485607147217, "losses/qf2_values": 1.0814177989959717, "losses/qf1_loss": 0.0038929698057472706, "losses/qf2_loss": 0.0040459176525473595, "losses/qf_loss": 0.003969443961977959, "losses/actor_loss": -87.46928405761719, "losses/representation_loss": -86.29460906982422, "losses/inter_modality_loss": -9.476090431213379, "losses/intra_modality_loss": -9.812689781188965, "losses/alpha": 0.01612205244600773, "charts/update_time": 126.22396087646484, "charts/rollout_time": 10.294134140014648, "charts/rollout_fps": 99.47412109375, "losses/alpha_loss": 0.20425200462341309}