{"global_step": 91010, "_timestamp": 1725986611.3642843, "charts/eval_success_rate": 0.0, "charts/eval_episodic_return": 4.273275375366211, "charts/eval_episodic_length": 50.0, "_runtime": 11323.215093374252, "_step": 973, "charts/success_rate": 0.0, "charts/episodic_return": 4.6639556884765625, "charts/episodic_length": 50.0, "losses/qf1_values": 1.0169628858566284, "losses/qf2_values": 1.012926459312439, "losses/qf1_loss": 0.027081185951828957, "losses/qf2_loss": 0.018564298748970032, "losses/qf_loss": 0.02282274141907692, "losses/actor_loss": -91.70165252685547, "losses/representation_loss": -90.73892211914062, "losses/inter_modality_loss": -10.132635116577148, "losses/intra_modality_loss": -9.981040000915527, "losses/alpha": 0.0006405265303328633, "charts/update_time": 126.38255310058594, "charts/rollout_time": 12.327905654907227, "charts/rollout_fps": 83.0635757446289, "losses/alpha_loss": -0.00018628223915584385}