{"global_step": 19330, "_timestamp": 1725977260.4730766, "charts/eval_success_rate": 0.0, "charts/eval_episodic_return": 5.516562461853027, "charts/eval_episodic_length": 50.0, "_runtime": 1972.323885679245, "_step": 203, "charts/success_rate": 0.0, "charts/episodic_return": 4.938660144805908, "charts/episodic_length": 50.0, "losses/qf1_values": 4.681690216064453, "losses/qf2_values": 4.673090934753418, "losses/qf1_loss": 0.005012687295675278, "losses/qf2_loss": 0.004383583553135395, "losses/qf_loss": 0.004698135424405336, "losses/actor_loss": -71.44735717773438, "losses/representation_loss": -65.844482421875, "losses/inter_modality_loss": -7.621163368225098, "losses/intra_modality_loss": -6.705833911895752, "losses/alpha": 0.17646655440330505, "charts/update_time": 138.12413024902344, "charts/rollout_time": 9.714378356933594, "charts/rollout_fps": 105.41075897216797, "losses/alpha_loss": 2.372946262359619}