{"global_step": 0, "_timestamp": 1725539037.9567404, "charts/eval_success_rate": 0.0, "charts/eval_episodic_return": 4.151904582977295, "charts/eval_episodic_length": 50.0, "_runtime": 5.487968444824219, "_step": 0}