{"global_step": 19008, "_timestamp": 1725367148.8270698, "charts/eval_success_rate": 0.0, "charts/eval_episodic_return": 5.373927116394043, "charts/eval_episodic_length": 50.0, "_runtime": 1237.41885471344, "_step": 16, "losses/qf1_values": 4.32496452331543, "losses/qf2_values": 4.326972007751465, "losses/qf1_loss": 0.004878517705947161, "losses/qf2_loss": 0.005152392666786909, "losses/qf_loss": 0.005015455186367035, "losses/actor_loss": -5.185835838317871, "losses/representation_loss": -4.938273906707764, "losses/multimodal_loss": 0.15604373812675476, "losses/transfer_loss": 0.0606711320579052, "losses/contrastive_positive_loss": 0.3660361170768738, "losses/contrastive_negative_loss": -5.521024703979492, "losses/alpha": 0.1630670726299286, "charts/update_time": 4.339288711547852, "charts/rollout_time": 0.49887847900390625, "charts/rollout_fps": 128.28775024414062, "losses/alpha_loss": 2.187741756439209}