{"global_step": 5120, "_timestamp": 1725811398.2352018, "charts/eval_success_rate": 0.0, "charts/eval_episodic_return": 5.615485668182373, "charts/eval_episodic_length": 50.0, "_runtime": 78.46122694015503, "_step": 51, "charts/success_rate": 0.0, "charts/episodic_return": 5.061479091644287, "charts/episodic_length": 50.0, "_wandb": {"runtime": 78}, "losses/qf1_values": 4.290034294128418, "losses/qf2_values": 4.458559036254883, "losses/qf1_loss": 0.0843454897403717, "losses/qf2_loss": 0.0728258490562439, "losses/qf_loss": 0.0785856693983078, "losses/actor_loss": -10.696429252624512, "losses/representation_loss": -1.0742331743240356, "losses/alpha": 0.9674272537231445, "charts/update_time": 28.346839904785156, "charts/rollout_time": 7.84078311920166, "charts/rollout_fps": 130.5991973876953, "losses/alpha_loss": 12.999959945678711}