{"global_step": 6498, "_timestamp": 1725903642.6086755, "charts/eval_success_rate": 0.0, "charts/eval_episodic_return": 5.792305946350098, "charts/eval_episodic_length": 50.0, "_runtime": 554.2885375022888, "_step": 66, "charts/success_rate": 0.0, "charts/episodic_return": 0.4607445299625397, "charts/episodic_length": 50.0, "losses/qf1_values": 110230112.0, "losses/qf2_values": 81937736.0, "losses/qf1_loss": 791788226871296.0, "losses/qf2_loss": 38677725184.0, "losses/qf_loss": 395913440788480.0, "losses/actor_loss": -82052488.0, "losses/representation_loss": 0.03536585345864296, "losses/loss_1_loss": 0.0070736948400735855, "losses/add1_loss": 0.02121680974960327, "losses/add2_loss": 1.6526810213690624e-05, "losses/p_loss": 0.0070736948400735855, "losses/alpha": 2.4099247455596924, "charts/update_time": 479.36468505859375, "charts/rollout_time": 39.07344436645508, "charts/rollout_fps": 127.96414947509766, "losses/alpha_loss": -207.5851287841797, "_wandb": {"runtime": 554}}