{"_wandb": {"runtime": 1}, "global_step": 0, "_timestamp": 1725956818.3867836, "_runtime": 2.3664236068725586, "_step": 0}