{"global_step": 182016, "_timestamp": 1725527879.7169416, "charts/eval_success_rate": 0.0, "charts/eval_episodic_return": 14.922443389892578, "charts/eval_episodic_length": 50.0, "_runtime": 43501.09224963188, "_step": 179, "losses/qf1_values": 1.3926304578781128, "losses/qf2_values": 1.3908617496490479, "losses/qf1_loss": 0.0009674447355791926, "losses/qf2_loss": 0.0009700959781184793, "losses/qf_loss": 0.0009687703568488359, "losses/actor_loss": -4.818282127380371, "losses/representation_loss": -3.436436653137207, "losses/multimodal_loss": 0.8286114931106567, "losses/transfer_loss": 0.05449127405881882, "losses/contrastive_positive_loss": 0.6798744201660156, "losses/contrastive_negative_loss": -4.99941349029541, "losses/alpha": 0.0008084634318947792, "charts/update_time": 14.774349212646484, "charts/rollout_time": 0.6791608333587646, "charts/rollout_fps": 94.23394012451172, "losses/alpha_loss": 0.00042329623829573393}