{"global_step": 24945, "_timestamp": 1725381562.2260263, "charts/eval_success_rate": 0.0, "charts/eval_episodic_return": 5.566306114196777, "charts/eval_episodic_length": 50.0, "_runtime": 1794.9941523075104, "_step": 411, "charts/success_rate": 0.0, "charts/episodic_return": 8.242572784423828, "charts/episodic_length": 50.0, "losses/qf1_values": 2.6847715377807617, "losses/qf2_values": 2.682650566101074, "losses/qf1_loss": 0.0015357919037342072, "losses/qf2_loss": 0.001426159986294806, "losses/qf_loss": 0.0014809758868068457, "losses/actor_loss": -3.1690516471862793, "losses/representation_loss": -2.448657274246216, "losses/multimodal_loss": 0.30779528617858887, "losses/transfer_loss": 0.05761302262544632, "losses/contrastive_positive_loss": 0.33532124757766724, "losses/contrastive_negative_loss": -3.1493868827819824, "losses/alpha": 0.09328123182058334, "charts/update_time": 4.302225589752197, "charts/rollout_time": 0.9562699794769287, "charts/rollout_fps": 66.92670440673828, "losses/alpha_loss": 1.2453252077102661}