{"global_step": 5000, "_timestamp": 1725968214.5271614, "charts/eval_success_rate": 0.0, "charts/eval_episodic_return": 5.193309307098389, "charts/eval_episodic_length": 50.0, "_runtime": 753.8947584629059, "_step": 51, "charts/success_rate": 0.0, "charts/episodic_return": 2.7388429641723633, "charts/episodic_length": 50.0, "_wandb": {"runtime": 753}, "losses/qf1_values": 9.614166259765625, "losses/qf2_values": 9.565067291259766, "losses/qf1_loss": 0.0430116206407547, "losses/qf2_loss": 0.03611744940280914, "losses/qf_loss": 0.03956453502178192, "losses/actor_loss": -12.026768684387207, "losses/representation_loss": 0.16040702164173126, "losses/loss_1_loss": 0.03206910565495491, "losses/add1_loss": 0.09599968791007996, "losses/add2_loss": 0.0026913436595350504, "losses/p_loss": 0.03206910565495491, "losses/alpha": 0.5163580775260925, "charts/update_time": 698.7599487304688, "charts/rollout_time": 46.53459167480469, "charts/rollout_fps": 107.44695281982422, "losses/alpha_loss": 7.058990478515625}