{"global_step": 6698, "_timestamp": 1725969521.6014936, "charts/eval_success_rate": 0.0, "charts/eval_episodic_return": 5.1789960861206055, "charts/eval_episodic_length": 50.0, "_runtime": 802.0272204875946, "_step": 68, "charts/success_rate": 0.0, "charts/episodic_return": 0.8874436020851135, "charts/episodic_length": 50.0, "losses/qf1_values": 8.977046966552734, "losses/qf2_values": 8.952780723571777, "losses/qf1_loss": 0.08046800643205643, "losses/qf2_loss": 0.06940390914678574, "losses/qf_loss": 0.07493595778942108, "losses/actor_loss": -11.423489570617676, "losses/representation_loss": 0.16042841970920563, "losses/loss_1_loss": 0.032662853598594666, "losses/add1_loss": 0.09487055242061615, "losses/add2_loss": 0.0023216460831463337, "losses/p_loss": 0.032662853598594666, "losses/alpha": 0.5172500014305115, "charts/update_time": 705.6930541992188, "charts/rollout_time": 42.337162017822266, "charts/rollout_fps": 118.09955596923828, "losses/alpha_loss": 6.721409320831299}