{"global_step": 65834, "_timestamp": 1725816179.0197916, "charts/eval_success_rate": 0.0, "charts/eval_episodic_return": 5.246126651763916, "charts/eval_episodic_length": 50.0, "_runtime": 1054.2884826660156, "_step": 703, "charts/success_rate": 0.0, "charts/episodic_return": 4.220195293426514, "charts/episodic_length": 50.0, "losses/qf1_values": 5.694295883178711, "losses/qf2_values": 5.807438373565674, "losses/qf1_loss": 0.004213044419884682, "losses/qf2_loss": 0.01837865635752678, "losses/qf_loss": 0.01129585038870573, "losses/actor_loss": -53.73986053466797, "losses/representation_loss": -46.90277099609375, "losses/inter_modality_loss": -4.246563911437988, "losses/intra_modality_loss": -6.692784786224365, "losses/alpha": 0.22326062619686127, "charts/update_time": 8.288768768310547, "charts/rollout_time": 8.08852481842041, "charts/rollout_fps": 126.5990982055664, "losses/alpha_loss": 2.990506887435913}