{"_wandb": {"runtime": 2}, "global_step": 0, "_timestamp": 1725355325.7718499, "_runtime": 1.7816557884216309, "_step": 0}