{"global_step": 84866, "_timestamp": 1725885591.5706627, "charts/eval_success_rate": 0.0, "charts/eval_episodic_return": 0.9320379495620728, "charts/eval_episodic_length": 50.0, "_runtime": 4203.582731723785, "_step": 907, "charts/success_rate": 0.0, "charts/episodic_return": 1.2162338495254517, "charts/episodic_length": 50.0, "losses/qf1_values": 0.37427258491516113, "losses/qf2_values": 0.36980316042900085, "losses/qf1_loss": 9.154401777777821e-05, "losses/qf2_loss": 0.0004281211586203426, "losses/qf_loss": 0.000259832595475018, "losses/actor_loss": -89.53250885009766, "losses/representation_loss": -89.16746520996094, "losses/inter_modality_loss": -9.950230598449707, "losses/intra_modality_loss": -9.822025299072266, "losses/alpha": 0.0001388245727866888, "charts/update_time": 46.93570327758789, "charts/rollout_time": 9.367538452148438, "charts/rollout_fps": 109.31367492675781, "losses/alpha_loss": 0.0008912676712498069}