{"global_step": 0, "_timestamp": 1725365827.1719527, "charts/eval_success_rate": 0.0, "charts/eval_episodic_return": 4.716561317443848, "charts/eval_episodic_length": 50.0, "_runtime": 7.08238673210144, "_step": 0}