{"global_step": 0, "_timestamp": 1725354880.442687, "charts/eval_success_rate": 0.0, "charts/eval_episodic_return": 5.002358436584473, "charts/eval_episodic_length": 50.0, "_runtime": 7.509382009506226, "_step": 0}