{"global_step": 500736, "_timestamp": 1725824313.8176181, "charts/eval_success_rate": 0.0, "charts/eval_episodic_return": 5.289444923400879, "charts/eval_episodic_length": 50.0, "_runtime": 7819.421283245087, "_step": 5375, "charts/success_rate": 0.0, "charts/episodic_return": 1.9364559650421143, "charts/episodic_length": 50.0, "losses/qf1_values": 0.23099254071712494, "losses/qf2_values": 0.22613278031349182, "losses/qf1_loss": 0.0001434340374544263, "losses/qf2_loss": 0.0004233453655615449, "losses/qf_loss": 0.0002833897015079856, "losses/actor_loss": -83.19271850585938, "losses/representation_loss": -82.9674072265625, "losses/inter_modality_loss": -9.178471565246582, "losses/intra_modality_loss": -9.961952209472656, "losses/alpha": 0.0001381742040393874, "charts/update_time": 7.856667518615723, "charts/rollout_time": 8.376190185546875, "charts/rollout_fps": 122.25128936767578, "losses/alpha_loss": 0.0005416572676040232, "_wandb": {"runtime": 7819}}