{"_wandb": {"runtime": 25}, "global_step": 0, "_timestamp": 1725957296.1902099, "_runtime": 2.317957878112793, "_step": 0}