{"global_step": 0, "_timestamp": 1725536274.6400926, "charts/eval_success_rate": 0.0, "charts/eval_episodic_return": 5.269388198852539, "charts/eval_episodic_length": 50.0, "_runtime": 6.35218071937561, "_step": 0}