{"_wandb": {"runtime": 3}, "global_step": 0, "_timestamp": 1725555408.3903863, "_runtime": 1.9984943866729736, "_step": 0}