{"_wandb": {"runtime": 4}, "global_step": 0, "_timestamp": 1725885770.1076016, "_runtime": 2.4068217277526855, "_step": 0}