{"global_step": 164738, "_timestamp": 1725889328.5816717, "charts/eval_success_rate": 0.0, "charts/eval_episodic_return": 3.3434228897094727, "charts/eval_episodic_length": 50.0, "_runtime": 2597.463151693344, "_step": 1769, "charts/success_rate": 0.0, "charts/episodic_return": 5.963103294372559, "charts/episodic_length": 50.0, "losses/qf1_values": 0.8869476318359375, "losses/qf2_values": 0.888580322265625, "losses/qf1_loss": 0.00537347886711359, "losses/qf2_loss": 0.00265954970382154, "losses/qf_loss": 0.004016514401882887, "losses/actor_loss": -0.8851061463356018, "losses/alpha": 0.00015324464766308665, "charts/update_time": 7.863190650939941, "charts/rollout_time": 9.976262092590332, "charts/rollout_fps": 102.6436538696289, "losses/alpha_loss": 1.58928451128304e-05}