{"global_step": 1024, "_timestamp": 1725886418.4131331, "charts/eval_success_rate": 0.0, "charts/eval_episodic_return": 4.998435974121094, "charts/eval_episodic_length": 50.0, "_runtime": 25.38831925392151, "_step": 11, "charts/success_rate": 0.0, "charts/episodic_return": 3.7336935997009277, "charts/episodic_length": 50.0, "losses/qf1_values": 10.659062385559082, "losses/qf2_values": 10.684982299804688, "losses/qf1_loss": 0.04386887699365616, "losses/qf2_loss": 0.0388878770172596, "losses/qf_loss": 0.04137837886810303, "losses/actor_loss": -15.658011436462402, "losses/alpha": 0.8585399985313416, "charts/update_time": 11.477848052978516, "charts/rollout_time": 7.017249584197998, "charts/rollout_fps": 145.92611694335938, "losses/alpha_loss": 11.578849792480469}